,,,,,,,,,,,,,,,
TYPOGRAPHIES,,,,,,,,,,,,,,,
BBB Open Sans,,,,,,,,,,,,,,,
Epsilon,,,,,,P1 - PC,,P2 - SC,,P4 - EB,,P5 – ZM,,P6 – NC,
,Mot original,Déterminant,Terminaison,Mot post-binaire,Terminaison,Mot entendu,Phonétique API,Mot entendu,Phonétique API,Mot entendu,Phonétique API,Mot entendu,Phonétique API,Mot entendu,Phonétique API
"Dorothy Allison, Bastard out of Carolina",,,,,,,,,,,,,,,
1,Mon/Ma,Déterminant possessif,Invariable,Maon,Invariable,Maon,ma.ɔ̃,Maon,ma.ɔ̃,Maon,ma.ɔ̃,Maon,ma.ɔ̃,Maon,ma.ɔ̃
2,Oncle/Tante,Titre,Invariable,Tanclε,Invariable,Tancle,tɑ̃kl,Tancle,tɑ̃kl,Tancle,tɑ̃kl,Tancle,tɑ̃kl,Tancleu,tɑ̃kl.ø
3,Un/Une,Article indéfini,Invariable,Unε,Invariable,Une,yn,Une,yn,Une,yn,Une,yn,Uneu,yn.ø
4,Général/Générale,Substantif,al/ale ,Généralε,alε,Générale,ʒe.ne.ʁal,Générale,ʒe.ne.ʁal,Générale,ʒe.ne.ʁal,Générale,ʒe.ne.ʁal,Généraleu,ʒe.ne.ʁal.ø
5,Lui/Elle,Pronom personnel COI,Invariable,Ԑllui,Invariable,Èllui,ɛ.lɥi,Èllui,ɛ.lɥi,Èllui,ɛ.lɥi,Èllui,ɛ.lɥi,Èllui,ɛ.lɥi
6,Il/Elle,Pronom personnel sujet,Invariable,Iεl,Invariable,Ièl,jɛl,Ièl,jɛl,Ièl,jɛl,Ièl,jɛl,Ièl,jɛl
7,Humain/Humaine,Substantif,ain/aine,Humainε,ainε,Humaine,y.mɛn,Humaine,y.mɛn,Humaine,y.mɛn,Humaine,y.mɛn,Humaineu,y.mɛn.ø
8,Fort/Forte,Substantif,ort/orte,Fortε,ortε,Forte,fɔʁt,Forte,fɔʁt,Forte,fɔʁt,Forte,fɔʁt,Forteu,fɔʁt.ø
9,Cet/Cette,Déterminant démonstratif,Invariable,Cettε,Invariable,Cette,sɛt,Cette,sɛt,Cette,sɛt,Cette,sɛt,Cetteu,sɛt.ø
,,,,,,p1_pc_bbb-open-sans_epsilon_da,,p2_sc_bbb-open-sans_epsilon_da,,p4_eb_bbb-open-sans_epsilon_da,,p5_zm_bbb-open-sans_epsilon_da,,p6_nc_bbb-open-sans_epsilon_da,
Exercice de prononciation 1,,,,,,,,,,,,,,,
1,Un/Une,Article indéfini,Invariable,Unε,Invariable,Une,yn,Une,yn,Une,yn,Une,yn,Une,yn
2,Pâtissier/Pâtissière,Substantif,ier/ière,Pâtissierε,ierε,Pâtissière ,pa.ti.sjɛʁ,Pâtissière ,pa.ti.sjɛʁ,Pâtissièreu ,pa.ti.sjɛʁ.ø,Pâtissière ,pa.ti.sjɛʁ,Pâtissièreu ,pa.ti.sjɛʁ.ø
3,Tapissier/Tapissière,Substantif,ier/ière,Tapissierε,ierε,Tapissière,ta.ti.sjɛʁ,Tapissière,ta.ti.sjɛʁ,Tapissièreu,ta.ti.sjɛʁ.ø,Tapissière,ta.ti.sjɛʁ,Tapissièreu,ta.ti.sjɛʁ.ø
4,La/Le,Pronom personnel COD,Invariable,Laε,Invariable,Laeu,la.ø,Laeu,la.ø,Laeu,la.ø,Laeu,la.ø,Laeu,la.ø
,,,,,,p1_pc_bbb-open-sans_epsilon_ep1,,p2_sc_bbb-open-sans_epsilon_ep1,,p4_eb_bbb-open-sans_epsilon_ep1,,p5_zm_bbb-open-sans_epsilon_ep1,,p6_nc_bbb-open-sans_epsilon_ep1,
Exercice de prononciation 2,,,,,,,,,,,,,,,
1,La/Le,Pronom personnel COD,Invariable,Laε,Invariable,Laeu,la.ø,Laeu,la.ø,Laeu,la.ø,Laeu,la.ø,Laeu,la.ø
2,Chef/Cheffe,Substantif,ef/effe,Cheffε,effε,Chef,ʃɛf,Chef,ʃɛf,Cheffeu,ʃɛf.ø,Cheffeu,ʃɛf.ø,Cheffeu,ʃɛf.ø
3,Cuisinier/Cuisinière,Substantif,ier/ière,Cuisinierε,ierε,Cuisinière,kɥi.zi.njɛʁ,Cuisinière,kɥi.zi.njɛʁ,Cuisinièreu,kɥi.zi.njɛʁ.ø,Cuisinièreu,kɥi.zi.njɛʁ.ø,Ø,Ø
4,Serveur/Serveuse,Substantif,eur/euse,Serveureusε,eureusε,Serveuse,sɛʁ.vøz,Serveureuse,sɛʁ.vœ.ʁøz,Serveureuse,sɛʁ.vœ.ʁøz,Serveureuse,sɛʁ.vœ.ʁøz,Serveureuse,sɛʁ.vœ.ʁøz
5,Maitre/Maitresse,Substantif,e/esse,Maîtressε,essε,Maitresse,mɛ.tʁɛs,Maitresse,mɛ.tʁɛs,Maitresse,mɛ.tʁɛs,Maitresse,mɛ.tʁɛs,Maitresse,mɛ.tʁɛs
6,Un/Une,Article indéfini,Invariable,Unε,Invariable,Une,yn,Une,yn,Une,yn,Une,yn,Uneu,yn.ø
7,Client/Cliente,Substantif,ent/ente,Clientε,entε,Cliente,kli.jɑ̃t,Cliente,kli.jɑ̃t,Cliente,kli.jɑ̃t,Cliente,kli.jɑ̃t,Clienteu,kli.jɑ̃t.ø
8,Accompagné/Accompagnée,Substantif,é/ée,Accompagnéε,éε,Accompagné,a.kɔ̃.pa.ɲe,Accompagné,a.kɔ̃.pa.ɲe,Accompagné,a.kɔ̃.pa.ɲe,Accompagné,a.kɔ̃.pa.ɲe,Accompagnéeu,a.kɔ̃.pa.ɲe.ø
9,Sa/Son,Déterminant possessif,Invariable,Saon,Ø,Saon,sa.ɔ̃,Saon,sa.ɔ̃,Saon,sa.ɔ̃,Saon,sa.ɔ̃,Saon,sa.ɔ̃
10,Amant/Amante,Substantif,ant/ante,Amantε,antε,Amante,a.mɑ̃t,Amante,a.mɑ̃t,Amante,a.mɑ̃t,Amante,a.mɑ̃t,Amanteu,a.mɑ̃t.ø
11,Ancien/Ancienne,Substantif,en/enne,Anciennε,ennε,Ancienne,ɑ̃.sjɛn,Ancienne,ɑ̃.sjɛn,Ø,Ø,Ancienne,ɑ̃.sjɛn,Ancienneu,ɑ̃.sjɛn.ø
12,Pâtissier/Pâtissière,Substantif,ier/ière,Pâtissierε,ierε,Pâtissière,pa.ti.sjɛʁ,Pâtissièrère ,pa.ti.sjɛ.ʁɛʁ,Ø,Ø,Pâtissière,pa.ti.sjɛʁ,Pâtissièreu ,pa.ti.sjɛʁ.ø
13,Reconverti/Reconvertie,Substantif,i/ie,Reconvertiε,iε,Reconverti,ʁə.kɔ̃.vɛʁ.ti,Reconverti,ʁə.kɔ̃.vɛʁ.ti,Ø,Ø,Reconverti,ʁə.kɔ̃.vɛʁ.ti,Reconverti,ʁə.kɔ̃.vɛʁ.ti
,,,,,,p1_pc_bbb-open-sans_epsilon_ep2,,p2_sc_bbb-open-sans_epsilon_ep2,,p4_eb_bbb-open-sans_epsilon_ep2,,p5_zm_bbb-open-sans_epsilon_ep2,,p6_nc_bbb-open-sans_epsilon_ep2,
BBB Read Me,,,,,,,,,,,,,,,
Epsilon,,,,,,P1 - PC,,P2 - SC,,P4 - EB,,P5 – ZM,,P6 – NC,
,Mot original,Déterminant,Terminaison,Mot post-binaire,Terminaison,Mot entendu,Phonétique API,Mot entendu,Phonétique API,Mot entendu,Phonétique API,Mot entendu,Phonétique API,Mot entendu,Phonétique API
"Dorothy Allison, Bastard out of Carolina",,,,,,,,,,,,,,,
1,Mon/Ma,Déterminant possessif,Invariable,Maon,Invariable,Maon,ma.ɔ̃,Maon,ma.ɔ̃,Maon,ma.ɔ̃,Maon,ma.ɔ̃,Maon,ma.ɔ̃
2,Oncle/Tante,Titre,Invariable,Tancl·e,Invariable,Tancle,tɑ̃kl,Tancle,tɑ̃kl,Tancle,tɑ̃kl,Tancle,tɑ̃kl,Tancle,tɑ̃kl
3,Un/Une,Article indéfini,Invariable,Un·e,Invariable,Une,yn,Une,yn,Une,yn,Une,yn,Uneu,yn.ø
4,Général/Générale,Substantif,al/ale ,Général·e,al·e,Générale,ʒe.ne.ʁal,Générale,ʒe.ne.ʁal,Générale,ʒe.ne.ʁal,Générale,ʒe.ne.ʁal,Généraleu,ʒe.ne.ʁal.ø
5,Lui/Elle,Pronom personnel COI,Invariable,Ɛllui,Invariable,Èllui,ɛ.lɥi,Èllui,ɛ.lɥi,Èllui,ɛ.lɥi,Èllui,ɛ.lɥi,Èllui,ɛ.lɥi
6,Il/Elle,Pronom personnel sujet,Invariable,i·el,Invariable,Ièl,jɛl,Ièl,jɛl,Ièl,jɛl,Ièl,jɛl,Ièl,jɛl
7,Humain/Humaine,Substantif,ain/aine,Humain·e,ain·e,Humaine,y.mɛn,Humaine,y.mɛn,Humaine,y.mɛn,Humaine,y.mɛn,Humaineu,y.mɛn.ø
8,Fort/Forte,Substantif,ort/orte,Fort·e,ort·e,Forte,fɔʁt,Forte,fɔʁt,Forte,fɔʁt,Forte,fɔʁt,Forteu,fɔʁt.ø
9,Cet/Cette,Déterminant démonstratif,Invariable,Cett·e,Invariable,Cette,sɛt,Cette,sɛt,Cette,sɛt,Cette,sɛt,Cetteu,sɛt.ø
,,,,,,p1_pc_bbb-readme_epsilon_da,,p2_sc_bbb-readme_epsilon_da,,p4_eb_bbb-readme_epsilon_da,,p5_zm_bbb-readme_epsilon_da,,p6_nc_bbb-readme_epsilon_da,
Exercice de prononciation 1,,,,,,,,,,,,,,,
1,Un/Une,Article indéfini,Invariable,Un·e,Invariable,Une,yn,Une,yn,Une,yn,Une,yn,Une,yn
2,Pâtissier/Pâtissière,Substantif,ier/ière,Pâtissier·e,ier·e,Pâtissière ,pa.ti.sjɛʁ,Pâtissière ,pa.ti.sjɛʁ,Pâtissièreu ,pa.ti.sjɛʁ.ø,Pâtissièreu ,pa.ti.sjɛʁ.ø,Pâtissière ,pa.ti.sjɛʁ
3,Tapissier/Tapissière,Substantif,ier/ière,Tapissier·e,ier·e,Tapissière,ta.ti.sjɛʁ,Tapissière,ta.ti.sjɛʁ,Tapissièreu,ta.ti.sjɛʁ.ø,Tapissièreu,ta.ti.sjɛʁ.ø,Tapissière,ta.ti.sjɛʁ
4,La/Le,Pronom personnel COD,Invariable,La·e,Invariable,Laeu,la.ø,Laeu,la.ø,Laeu,la.ø,Laeu,la.ø,Laeu,la.ø
,,,,,,p1_pc_bbb-readme_epsilon_ep1,,p2_sc_bbb-readme_epsilon_ep1,,p4_eb_bbb-readme_epsilon_ep1,,p5_zm_bbb-readme_epsilon_ep1,,p6_nc_bbb-readme_epsilon_ep1,
Exercice de prononciation 2,,,,,,,,,,,,,,,
1,La/Le,Pronom personnel COD,Invariable,La·e,Invariable,Laeu,la.ø,Laeu,la.ø,Laeu,la.ø,Laeu,la.ø,Laeu,la.ø
2,Chef/Cheffe,Substantif,ef/effe,Cheff·e,eff·e,Chef,ʃɛf,Chef,ʃɛf,Cheffeu,ʃɛf.ø,Chef,ʃɛf,Cheffeu,ʃɛf.ø
3,Cuisinier/Cuisinière,Substantif,ier/ière,Cuisinier·e,ier·e,Cuisinière,kɥi.zi.njɛʁ,Cuisinière,kɥi.zi.njɛʁ,Cuisinièreu,kɥi.zi.njɛʁ.ø,Cuisinière,kɥi.zi.njɛʁ,Cuisinièreu,kɥi.zi.njɛʁ.ø
4,Serveur/Serveuse,Substantif,eur/euse,Serveureus·e,eureusε,Serveuse,sɛʁ.vøz,Serveureuse,sɛʁ.vœ.ʁøz,Serveureuse,sɛʁ.vœ.ʁøz,Serveureuse,sɛʁ.vœ.ʁøz,Serveureuse,sɛʁ.vœ.ʁøz
5,Maitre/Maitresse,Substantif,e/esse,Maîtress·e,ess·e,Maitresse,mɛ.tʁɛs,Maitresse,mɛ.tʁɛs,Maitresse,mɛ.tʁɛs,Maitresse,mɛ.tʁɛs,Maitresse,mɛ.tʁɛs
6,Un/Une,Article indéfini,Invariable,Un·e,Invariable,Une,yn,Une,yn,Une,yn,Un/Une,œ̃/yn,Une,yn
7,Client/Cliente,Substantif,ent/ente,Client·e,ent·e,Cliente,kli.jɑ̃t,Cliente,kli.jɑ̃t,Cliente,kli.jɑ̃t,Cliente,kli.jɑ̃t,Cliente,kli.jɑ̃t
8,Accompagné/Accompagnée,Substantif,é/ée,Accompagné·e,é·e,Accompagné,a.kɔ̃.pa.ɲe,Accompagné,a.kɔ̃.pa.ɲe,Accompagné,a.kɔ̃.pa.ɲe,Accompagné,a.kɔ̃.pa.ɲe,Accompagnéeu,a.kɔ̃.pa.ɲe.ø
9,Sa/Son,Déterminant possessif,Invariable,Saon,Invariable,Saon,sa.ɔ̃,Saon,sa.ɔ̃,Saon,sa.ɔ̃,Saon,sa.ɔ̃,Saon,sa.ɔ̃
10,Amant/Amante,Substantif,ant/ante,Amant·e,ant·e,Amante,a.mɑ̃t,Amante,a.mɑ̃t,Amante,a.mɑ̃t,Amanteu,a.mɑ̃t.ø,Amante,a.mɑ̃t
11,Ancien/Ancienne,Substantif,en/enne,Ancienn·e,enn·e,Ancienne,ɑ̃.sjɛn,Ancienne,ɑ̃.sjɛn,Ancienne,ɑ̃.sjɛn,Ancienne,ɑ̃.sjɛn,Ancienne,ɑ̃.sjɛn
12,Pâtissier/Pâtissière,Substantif,ier/ière,Pâtissier·e,ier·e,Pâtissière,pa.ti.sjɛʁ,Pâtissièrère ,pa.ti.sjɛ.ʁɛʁ,Pâtissière,pa.ti.sjɛʁ,Pâtissièreu ,pa.ti.sjɛʁ.ø,Pâtissièreu ,pa.ti.sjɛʁ.ø
13,Reconverti/Reconvertie,Substantif,i/ie,Reconverti·e,i·e,Reconverti,ʁə.kɔ̃.vɛʁ.ti,Reconverti,ʁə.kɔ̃.vɛʁ.ti,Reconverti,ʁə.kɔ̃.vɛʁ.ti,Reconverti,ʁə.kɔ̃.vɛʁ.ti,Reconverti,ʁə.kɔ̃.vɛʁ.ti
,,,,,,p1_pc_bbb-readme_epsilon_ep2,,p2_sc_bbb-readme_epsilon_ep2,,p4_eb_bbb-readme_epsilon_ep2,,p5_zm_bbb-readme_epsilon_ep2,,p6_nc_bbb-readme_epsilon_ep2,
Adelphe - Fructidor,,,,,,,,,,,,,,,
Epsilon (mauvais affichage),,,,,,P1 - PC,,P2 - SC,,P4 - EB,,P5 – ZM,,P6 – NC,
,Mot original,Déterminant,Terminaison,Mot post-binaire,Terminaison,Mot entendu,Phonétique API,Mot entendu,Phonétique API,Mot entendu,Phonétique API,Mot entendu,Phonétique API,Mot entendu,Phonétique API
"Dorothy Allison, Bastard out of Carolina",,,,,,,,,,,,,,,
1,Mon/Ma,Déterminant possessif,Invariable,Maon,Invariable,Maon,ma.ɔ̃,Maon,ma.ɔ̃,Maon,ma.ɔ̃,Maon,ma.ɔ̃,Maon,ma.ɔ̃
2,Oncle/Tante,Titre,Invariable,Tanclε,Invariable,Tancle,tɑ̃kl,Tancle,tɑ̃kl,Tancle,tɑ̃kl,Tancle,tɑ̃kl,Tancleu,tɑ̃kl.ø
3,Un/Une,Article indéfini,Invariable,Unε,Invariable,Une,yn,Une,yn,Une,yn,Une,yn,Uneu,yn.ø
4,Général/Générale,Substantif,al/ale ,Généralε,alε,Générale,ʒe.ne.ʁal,Générale,ʒe.ne.ʁal,Générale,ʒe.ne.ʁal,Générale,ʒe.ne.ʁal,Généraleu,ʒe.ne.ʁal.ø
5,Lui/Elle,Pronom personnel COI,Invariable,󱠀llui,Invariable,Èllui,ɛ.lɥi,Èllui,ɛ.lɥi,Èllui,ɛ.lɥi,Èllui,ɛ.lɥi,Èllui,ɛ.lɥi
6,Il/Elle,Pronom personnel sujet,Invariable,iεl,Invariable,Ièl,jɛl,Ièl,jɛl,Ièl,jɛl,Ièl,jɛl,Ièl,jɛl
7,Humain/Humaine,Substantif,ain/aine,Humainε,ainε,Humaine,y.mɛn,Humaine,y.mɛn,Humaine,y.mɛn,Humaine,y.mɛn,Humaineu,y.mɛn.ø
8,Fort/Forte,Substantif,ort/orte,Fortε,ortε,Forte,fɔʁt,Forte,fɔʁt,Forte,fɔʁt,Forte,fɔʁt,Forteu,fɔʁt.ø
9,Cet/Cette,Déterminant démonstratif,Invariable,Cettε,Invariable,Cette,sɛt,Cette,sɛt,Cette,sɛt,Cette,sɛt,Cetteu,sɛt.ø
,,,,,,p1_pc_adelphe_epsilon_da,,p2_sc_adelphe_epsilon_da,,p4_eb_adelphe_epsilon_da,,p5_zm_adelphe_epsilon_da,,p6_nc_adelphe_epsilon_da,
Exercice de prononciation 1,,,,,,,,,,,,,,,
1,Un/Une,Article indéfini,Invariable,Unε,Invariable,Une,yn,Une,yn,Une,yn,Unn,œ̃n,Une,yn
2,Pâtissier/Pâtissière,Substantif,ier/ière,Pâtissierε,ierε,Pâtissière ,pa.ti.sjɛʁ,Pâtissière ,pa.ti.sjɛʁ,Pâtissièreu ,pa.ti.sjɛʁ.ø,Pâtissière ,pa.ti.sjɛʁ,Pâtissièreu ,pa.ti.sjɛʁ.ø
3,Tapissier/Tapissière,Substantif,ier/ière,Tapissierε,ierε,Tapissière,ta.ti.sjɛʁ,Tapissière,ta.ti.sjɛʁ,Tapissièreu,ta.ti.sjɛʁ.ø,Tapissière,ta.ti.sjɛʁ,Tapissièreu,ta.ti.sjɛʁ.ø
4,La/Le,Pronom personnel COD,Invariable,Laε,Invariable,Laeu,la.ø,Laeu,la.ø,Laeu,la.ø,Laeu,la.ø,Laeu,la.ø
,,,,,,p1_pc_adelphe_epsilon_ep1,,p2_sc_adelphe_epsilon_ep1,,p4_eb_adelphe_epsilon_ep1,,p5_zm_adelphe_epsilon_ep1,,p6_nc_adelphe_epsilon_ep1,
Exercice de prononciation 2,,,,,,,,,,,,,,,
1,La/Le,Pronom personnel COD,Invariable,Laε,Invariable,Laeu,la.ø,Laeu,la.ø,Laeu,la.ø,Laeu,la.ø,Laeu,la.ø
2,Chef/Cheffe,Substantif,ef/effe,Cheffε,effε,Chef,ʃɛf,Chef,ʃɛf,Cheffeu,ʃɛf.ø,Cheffeu,ʃɛf.ø,Cheffeu,ʃɛf.ø
3,Cuisinier/Cuisinière,Substantif,ier/ière,Cuisinierε,ierε,Cuisinière,kɥi.zi.njɛʁ,Cuisinière,kɥi.zi.njɛʁ,Cuisinièreu,kɥi.zi.njɛʁ.ø,Cuisinièreu,kɥi.zi.njɛʁ.ø,Cuisinièreu,kɥi.zi.njɛʁ.ø
4,Serveur/Serveuse,Substantif,eur/euse,Serveureusε,eureusε,Serveuse,sɛʁ.vøz,Serveureuse,sɛʁ.vœ.ʁøz,Serveureuse,sɛʁ.vœ.ʁøz,Serveureuse,sɛʁ.vœ.ʁøz,Serveureuse,sɛʁ.vœ.ʁøz
5,Maitre/Maitresse,Substantif,e/esse,Maîtressε,essε,Maitresse,mɛ.tʁɛs,Maitresse,mɛ.tʁɛs,Maitresse,mɛ.tʁɛs,Maitresse,mɛ.tʁɛs,Maitresse,mɛ.tʁɛs
6,Un/Une,Article indéfini,Invariable,Unε,Invariable,Une,yn,Une,yn,Une,yn,Unn,œ̃n,Une,yn
7,Client/Cliente,Substantif,ent/ente,Clientε,entε,Cliente,kli.jɑ̃t,Cliente,kli.jɑ̃t,Cliente,kli.jɑ̃t,Cliente,kli.jɑ̃t,Clienteu,kli.jɑ̃t.ø
8,Accompagné/Accompagnée,Substantif,é/ée,Accompagnéε,éε,Accompagné,a.kɔ̃.pa.ɲe,Accompagné,a.kɔ̃.pa.ɲe,Accompagné,a.kɔ̃.pa.ɲe,Accompagné,a.kɔ̃.pa.ɲe,Accompagnéeu,a.kɔ̃.pa.ɲe.ø
9,Sa/Son,Déterminant possessif,Invariable,Saon,Invariable,Saon,sa.ɔ̃,Saon,sa.ɔ̃,Saon,sa.ɔ̃,Saon,sa.ɔ̃,Saon,sa.ɔ̃
10,Amant/Amante,Substantif,ant/ante,Amantε,antε,Amante,a.mɑ̃t,Amante,a.mɑ̃t,Amante,a.mɑ̃t,Amante,a.mɑ̃t,Amanteu,a.mɑ̃t.ø
11,Ancien/Ancienne,Substantif,en/enne,Anciennε,ennε,Ancienne,ɑ̃.sjɛn,Ancienne,ɑ̃.sjɛn,Ancienne,ɑ̃.sjɛn,Ancienne,ɑ̃.sjɛn,Ancienneu,ɑ̃.sjɛn.ø
12,Pâtissier/Pâtissière,Substantif,ier/ière,Pâtissierε,ierε,Pâtissière,pa.ti.sjɛʁ,Pâtissièrère ,pa.ti.sjɛ.ʁɛʁ,Pâtissière,pa.ti.sjɛʁ,Pâtissière,pa.ti.sjɛʁ,Pâtissièreu ,pa.ti.sjɛʁ.ø
13,Reconverti/Reconvertie,Substantif,i/ie,Reconvertiε,iε,Reconverti,ʁə.kɔ̃.vɛʁ.ti,Reconverti,ʁə.kɔ̃.vɛʁ.ti,Reconverti,ʁə.kɔ̃.vɛʁ.ti,Reconverti,ʁə.kɔ̃.vɛʁ.ti,Reconverti,ʁə.kɔ̃.vɛʁ.ti
,,,,,,p1_pc_adelphe_epsilon_ep2,,p2_sc_adelphe_epsilon_ep2,,p4_eb_adelphe_epsilon_ep2,,p5_zm_adelphe_epsilon_ep2,,p6_nc_adelphe_epsilon_ep2,
BBB Herthey Futural,,,,,,,,,,,,,,,
Diacritiques (incomplet),,,,,,P1 - PC,,P2 - SC,,P4 - EB,,P5 – ZM,,P6 – NC,
,Mot original,Déterminant,Terminaison,Mot post-binaire,Terminaison,Mot entendu,∑,Mot entendu,Phonétique API,Mot entendu,Phonétique API,Mot entendu,Phonétique API,Mot entendu,Phonétique API
"Dorothy Allison, Bastard out of Carolina",,,,,,,,,,,,,,,
1,Mon/Ma,Déterminant possessif,Invariable,Maon,Invariable,Maon,ma.ɔ̃,Maon,ma.ɔ̃,Maon,ma.ɔ̃,Maon,ma.ɔ̃,Maon,ma.ɔ̃
2,Oncle/Tante,Titre,Invariable,Tanclɛ,Invariable,Tancle,tɑ̃kl,Tancle,tɑ̃kl,Tancle,tɑ̃kl,Tancle,tɑ̃kl,Tancle,tɑ̃kl
3,Un/Une,Article indéfini,Invariable,Unɛ,Invariable,Une,yn,Une,yn,Une,yn,Un/Une,œ̃/yn,Une,yn
4,Général/Générale,Substantif,al/ale ,Généralɛ,alɛ,Générale,ʒe.ne.ʁal,Générale,ʒe.ne.ʁal,Générale,ʒe.ne.ʁal,Générale,ʒe.ne.ʁal,Générale,ʒe.ne.ʁal
5,Lui/Elle,Pronom personnel COI,Invariable,Ɛllui,Invariable,Èllui,ɛ.lɥi,Èllui,ɛ.lɥi,Èllui,ɛ.lɥi,Èllui,ɛ.lɥi,Èllui,ɛ.lɥi
6,Il/Elle,Pronom personnel sujet,Invariable,Iɛl,Invariable,Ièl,jɛl,Ièl,jɛl,Ièl,jɛl,Ièl,jɛl,Ièl,jɛl
7,Humain/Humaine,Substantif,ain/aine,Humainɛ,ainɛ,Humaine,y.mɛn,Humaine,y.mɛn,Humaine,y.mɛn,Humaineu,y.mɛn.ø,Humaine,y.mɛn
8,Fort/Forte,Substantif,ort/orte,Fortɛ,ortɛ,Forte,fɔʁt,Forte,fɔʁt,Forte,fɔʁt,Forte,fɔʁt,Forte,fɔʁt
9,Cet/Cette,Déterminant démonstratif,Invariable,Cettɛ,Invariable,Cette,sɛt,Cette,sɛt,Cette,sɛt,Cetteu,sɛt.ø,Cette,sɛt
,,,,,,p1_pc_bbb-herthey-futural_epsilon_da,,p2_sc_bbb-herthey-futural_epsilon_da,,p4_eb_bbb-herthey-futural_epsilon_da,,p5_zm_bbb-herthey-futural_epsilon_da,,p6_nc_bbb-herthey-futural_epsilon_da,
Exercice de prononciation 1,,,,,,,,,,,,,,,
1,Un/Une,Article indéfini,Invariable,Unɛ,Invariable,Une,yn,Une,yn,Une,yn,Unneu,œ̃n.ø,Une,yn
2,Pâtissier/Pâtissière,Substantif,ier/ière,Pâtissierɛ,ierɛ,Pâtissière ,pa.ti.sjɛʁ,Pâtissière ,pa.ti.sjɛʁ,Pâtissièreu ,pa.ti.sjɛʁ.ø,Pâtissièreu ,pa.ti.sjɛʁ.ø,Pâtissière ,pa.ti.sjɛʁ
3,Tapissier/Tapissière,Substantif,ier/ière,Tapissierɛ,ierɛ,Tapissière,ta.ti.sjɛʁ,Tapissière,ta.ti.sjɛʁ,Tapissièreu,ta.ti.sjɛʁ.ø,Tapissièreu,ta.ti.sjɛʁ.ø,Tapissière,ta.ti.sjɛʁ
4,La/Le,Pronom personnel COD,Invariable,Laɛ,Invariable,Laeu,la.ø,Laeu,la.ø,Laeu,la.ø,Laeu,la.ø,Laeu,la.ø
,,,,,,p1_pc_bbb-herthey-futural_epsilon_ep1,,p2_sc_bbb-herthey-futural_epsilon_ep1,,p4_eb_bbb-herthey-futural_epsilon_ep1,,p5_zm_bbb-herthey-futural_epsilon_ep1,,p6_nc_bbb-herthey-futural_epsilon_ep1,
Exercice de prononciation 2,,,,,,,,,,,,,,,
1,La/Le,Pronom personnel COD,Invariable,Laɛ,Invariable,Laeu,la.ø,Laeu,la.ø,Laeu,la.ø,Laeu,la.ø,Laeu,la.ø
2,Chef/Cheffe,Substantif,ef/effe,Cheffɛ,effɛ,Chef,ʃɛf,Chef,ʃɛf,Cheffeu,ʃɛf.ø,Cheffeu,ʃɛf.ø,Cheffeu,ʃɛf.ø
3,Cuisinier/Cuisinière,Substantif,ier/ière,Cuisinierɛ,ierɛ,Cuisinière,kɥi.zi.njɛʁ,Cuisinière,kɥi.zi.njɛʁ,Cuisinièreu,kɥi.zi.njɛʁ.ø,Cuisinièreu,kɥi.zi.njɛʁ.ø,Cuisinière,kɥi.zi.njɛʁ
4,Serveur/Serveuse,Substantif,eur/euse,Serveureusɛ,eureusɛ,Serveuse,sɛʁ.vøz,Serveureuse,sɛʁ.vœ.ʁøz,Serveureuse,sɛʁ.vœ.ʁøz,Serveureuse,sɛʁ.vœ.ʁøz,Serveureuse,sɛʁ.vœ.ʁøz
5,Maitre/Maitresse,Substantif,e/esse,Maîtressɛ,essɛ,Maitresse,mɛ.tʁɛs,Maitresse,mɛ.tʁɛs,Maitresse,mɛ.tʁɛs,Maitresse,mɛ.tʁɛs,Maitresse,mɛ.tʁɛs
6,Un/Une,Article indéfini,Invariable,Unɛ,Invariable,Une,yn,Une,yn,Une,yn,Unneu,œ̃n.ø,Une,yn
7,Client/Cliente,Substantif,ent/ente,Clientɛ,entɛ,Cliente,kli.jɑ̃t,Cliente,kli.jɑ̃t,Cliente,kli.jɑ̃t,Cliente,kli.jɑ̃t,Cliente,kli.jɑ̃t
8,Accompagné/Accompagnée,Substantif,é/ée,Accompagnéɛ,éɛ,Accompagné,a.kɔ̃.pa.ɲe,Accompagné,a.kɔ̃.pa.ɲe,Accompagné,a.kɔ̃.pa.ɲe,Accompagné,a.kɔ̃.pa.ɲe,Accompagné,a.kɔ̃.pa.ɲe
9,Sa/Son,Déterminant possessif,Invariable,Saon,Invariable,Saon,sa.ɔ̃,Saon,sa.ɔ̃,Saon,sa.ɔ̃,Saon,sa.ɔ̃,Saon,sa.ɔ̃
10,Amant/Amante,Substantif,ant/ante,Amantɛ,antɛ,Amante,a.mɑ̃t,Amante,a.mɑ̃t,Amante,a.mɑ̃t,Amante,a.mɑ̃t,Amante,a.mɑ̃t
11,Ancien/Ancienne,Substantif,en/enne,Anciennɛ,ennɛ,Ancienne,ɑ̃.sjɛn,Ancienne,ɑ̃.sjɛn,Ancienne,ɑ̃.sjɛn,Ancienne,ɑ̃.sjɛn,Ancienne,ɑ̃.sjɛn
12,Pâtissier/Pâtissière,Substantif,ier/ière,Pâtissierɛ,ierɛ,Pâtissière,pa.ti.sjɛʁ,Pâtissièrère ,pa.ti.sjɛ.ʁɛʁ,Pâtissière,pa.ti.sjɛʁ,Pâtissière,pa.ti.sjɛʁ,Pâtissière,pa.ti.sjɛʁ
13,Reconverti/Reconvertie,Substantif,i/ie,Reconvertiɛ,iɛ,Reconverti,ʁə.kɔ̃.vɛʁ.ti,Reconverti,ʁə.kɔ̃.vɛʁ.ti,Reconverti,ʁə.kɔ̃.vɛʁ.ti,Reconverti,ʁə.kɔ̃.vɛʁ.ti,Reconverti,ʁə.kɔ̃.vɛʁ.ti
,,,,,,p1_pc_bbb-herthey-futural_epsilon_ep2,,p2_sc_bbb-herthey-futural_epsilon_ep2,,p4_eb_bbb-herthey-futural_epsilon_ep2,,p5_zm_bbb-herthey-futural_epsilon_ep2,,p6_nc_bbb-herthey-futural_epsilon_ep2,
